,App_Names,Reviews,Size,Price,Last Updated,Minimum Android Version,install,Content
0,Smart Foods Organic Diet Buddy,411,30.0,0.0,79,3.0,50000,0
1,Google Fit: Health and Activity Tracking,292197,25.270662905500703,0.0,33,4.142857142857143,10000000,0
2,Pedometer,469421,3.3,0.0,33,4.0,10000000,0
3,"Calorie Counter - MyNetDiary, Food Diary Tracker",30925,26.0,0.0,34,5.0,1000000,0
4,Map My Hike GPS Hiking,14451,69.0,0.0,32,5.0,1000000,0
5,MyPlate Calorie Tracker,30788,21.0,0.0,34,4.0,1000000,0
6,Lose It! - Calorie Counter,75978,37.0,0.0,33,4.142857142857143,10000000,0
7,Health and Nutrition Guide,7959,3.3,0.0,41,4.0,500000,0
8,Runtastic Mountain Bike GPS Tracker,51068,38.0,0.0,40,4.0,1000000,0
9,Calorie Counter by FatSecret,262078,25.270662905500703,0.0,33,4.142857142857143,10000000,0
10,Pacifica - Stress & Anxiety,11626,36.0,0.0,33,5.0,1000000,1
11,BodBot Personal Trainer:ï¿½Workoutï¿½&ï¿½Fitnessï¿½Coach,9283,38.0,0.0,32,6.0,1000000,1
12,"AllTrails: Hiking, Running & Mountain Bike Trails",24566,33.0,0.0,33,4.0,1000000,0
13,Walk with Map My Walk,163199,69.0,0.0,32,5.0,5000000,0
14,Geocachingï¿½,71292,22.0,0.0,33,4.0,5000000,1
15,Calorie Counter - MyFitnessPal,2041505,25.270662905500703,0.0,32,4.142857142857143,50000000,0
16,Runkeeper - GPS Track Run Walk,520354,25.270662905500703,0.0,32,4.142857142857143,10000000,0
17,Sports Tracker Running Cycling,200884,25.270662905500703,0.0,32,4.142857142857143,10000000,0
18,"ViewRanger: Trail Maps for Hiking, Biking, Skiing",36494,25.270662905500703,0.0,32,4.142857142857143,1000000,0
19,Fitbit,441845,25.270662905500703,0.0,32,4.142857142857143,10000000,0
20,Simple Habit Meditation,25495,13.0,0.0,33,4.0,1000000,0
21,Runtastic Running App: Run & Mileage Tracker,874924,25.270662905500703,0.0,33,4.142857142857143,10000000,0
22,Lose Belly Fat in 30 Days - Flat Stomach,144659,10.0,0.0,33,4.0,10000000,0
23,Plant Nanny - Water Reminder,254816,42.0,0.0,69,4.0,1000000,0
122,21-Day Meditation Experience,12120,17.0,0.0,33,4.0,500000,0
123,Relax Melodies: Sleep Sounds,259651,81.0,0.0,33,5.0,10000000,0
124,"Calm - Meditate, Sleep, Relax",138681,25.270662905500703,0.0,33,4.142857142857143,10000000,0
125,Step Counter - Pedometer Free & Calorie Counter,202717,5.1,0.0,33,4.0,10000000,0
126,Daily Workouts - Exercise Fitness Routine Trainer,136264,30.0,0.0,38,4.0,10000000,0
127,Meditation Studio,1199,29.0,3.99,34,4.0,10000,0
128,Fabulous: Self Care,225138,36.0,0.0,34,4.0,5000000,0
129,Progression Workout Tracker,3249,6.3,0.0,56,4.0,100000,0
130,Lose Weight in 30 Days,328273,9.8,0.0,33,4.0,10000000,0
131,FitNotes - Gym Workout Log,18749,2.9,0.0,46,4.0,1000000,0
132,Step Counter - Calorie Counter,5480,1.9,0.0,38,4.0,1000000,0
133,Lark - 24/7 Health Coach,4082,52.0,0.0,32,4.0,100000,0
134,Stronglifts 5x5 - Weight Lifting & Gym Workout Log,75580,25.270662905500703,0.0,32,4.142857142857143,1000000,0
135,C25Kï¿½ - 5K Running Trainer Pro,3346,49.0,2.99,34,6.0,50000,0
136,Endomondo - Running & Walking,623104,18.0,0.0,33,4.142857142857143,10000000,0
137,"Meditation Music - Relax, Yoga",60767,28.0,0.0,38,4.0,1000000,0
138,Om Meditation All-in-One!,19310,4.2,0.0,35,4.0,1000000,0
139,Six Pack in 30 Days - Abs Workout,446873,8.6,0.0,36,4.0,10000000,1
140,White Noise Lite,59314,41.0,0.0,36,4.0,1000000,0
141,7 Minute Workout,406474,25.270662905500703,0.0,34,4.142857142857143,10000000,0
142,Workout Trainer: fitness coach,100791,25.270662905500703,0.0,34,4.142857142857143,10000000,0
143,WW (formerly Weight Watchers),373411,52.0,0.0,33,5.0,10000000,0
144,Pedometer -  Step Counter Free & Calorie Burner,114756,5.3,0.0,35,4.0,10000000,0
145,Pocket Yoga,2218,25.270662905500703,2.99,72,4.142857142857143,100000,0
146,Fitwell - 30 Day Fitness Workout Diet Step Counter,10420,25.270662905500703,0.0,32,4.142857142857143,500000,0
147,Calorie Counter - Asken Diet,624,50.0,0.0,33,4.0,100000,0
148,Fooducate Healthy Weight Loss & Calorie Counter,15291,25.270662905500703,0.0,34,4.142857142857143,1000000,0
149,Run with Map My Run,201658,71.0,0.0,32,5.0,10000000,0
150,Aaptiv: #1 Audio Fitness App,9321,25.270662905500703,0.0,32,4.142857142857143,1000000,0
151,Running for Weight Loss Walking Jogging my FITAPP,21675,25.270662905500703,0.0,33,4.142857142857143,1000000,1
152,White Sound Pro,16822,73.0,0.0,40,4.0,500000,0
153,Instant Heart Rate: HR Monitor & Pulse Checker,301071,25.270662905500703,0.0,37,4.142857142857143,10000000,0
154,Sleep Cycle: sleep analysis & smart alarm clock,79411,35.0,0.0,32,4.0,1000000,0
155,10 Best Foods for You,2494,4.4,0.0,33,4.0,500000,2
156,Self Healing,14645,9.9,0.0,53,4.0,500000,0
157,Relax Meditation: Calm your Head with White Noise,20657,84.0,2.99,34,5.0,100000,0
158,Step Counter,2216,1.9,0.0,36,4.0,500000,0
159,My Chakra Meditation,7730,45.0,0.0,44,2.0,500000,0
160,Happify,1950,36.0,0.0,33,4.0,100000,0
161,Under Armour Record,16805,93.0,0.0,34,4.0,1000000,0
162,Nike Run Club,805620,25.270662905500703,0.0,33,4.142857142857143,10000000,0
163,Weight Loss Tracker - RecStyle,21675,5.7,0.0,49,4.0,1000000,0
164,MealLogger-Photo Food Journal,224,25.270662905500703,0.0,33,4.142857142857143,50000,1
165,Monitor Your Weight,143388,5.2,0.0,33,4.0,5000000,0
166,Calorie Counter & Diet Tracker,33801,25.270662905500703,0.0,45,4.142857142857143,1000000,0
167,Relaxing Sounds,4748,40.0,0.0,57,4.0,100000,0
168,Water Drink Reminder,545706,25.270662905500703,0.0,33,4.142857142857143,10000000,0
169,Noom: Health & Weight,172100,57.0,0.0,33,4.0,10000000,0
170,"Strava Training: Track Running, Cycling & Swimming",405950,25.270662905500703,0.0,32,4.142857142857143,10000000,1
171,Bike Computer - GPS Cycling Tracker,19047,4.6,0.0,35,4.0,1000000,0
172,Couch to 5K by RunDouble C25K,15910,25.270662905500703,0.0,35,4.142857142857143,1000000,0
173,RockMyRun - Best Workout Music,8769,38.0,0.0,33,4.0,1000000,1
174,Charity Miles: Walking & Running Distance Tracker,6640,53.0,0.0,35,4.0,500000,0
175,Home Workout - No Equipment,682644,10.0,0.0,33,4.0,50000000,0
176,Simply Yoga - Fitness Trainer for Workouts & Poses,6978,47.0,0.0,38,4.0,1000000,0
177,Brain Waves - Binaural Beats,5479,5.5,0.0,33,4.0,1000000,0
178,Runtastic Results Strength Training & Bodyweight,44558,25.270662905500703,0.0,33,4.142857142857143,10000000,0
179,My Diet Diary Calorie Counter,18616,25.270662905500703,0.0,32,4.0,1000000,0
180,"YAZIO Calorie Counter, Nutrition Diary & Diet Plan",166725,25.270662905500703,0.0,33,4.142857142857143,5000000,0
181,Weight Loss Running by Verv,30002,53.0,0.0,33,4.0,1000000,3
182,"Zombies, Run! 5k Training (Free)",345,25.270662905500703,0.0,36,4.142857142857143,50000,1
183,Tracks,628,40.0,0.0,53,4.0,50000,2
184,"Technutri - calorie counter, diet and carb tracker",74861,31.0,0.0,32,4.0,5000000,0
185,Seven - 7 Minute Workout,80285,25.270662905500703,0.0,33,4.142857142857143,1000000,0
186,Runtastic Sleep Better: Sleep Cycle & Smart Alarm,118027,25.270662905500703,0.0,37,4.142857142857143,5000000,0
187,Workout Tracker & Gym Trainer - Fitness Log Book,5823,21.0,0.0,39,4.0,500000,0
188,Fertility Friend Ovulation App,13534,7.2,0.0,35,4.0,1000000,1
189,The Bump Pregnancy Tracker,26140,22.0,0.0,34,4.0,1000000,0
190,Period Tracker - Period Calendar Ovulation Tracker,4824180,25.270662905500703,0.0,33,4.142857142857143,100000000,0
191,Glow: Fertility Calculator and Ovulation Tracker,59330,36.0,0.0,34,5.0,1000000,0
192,Pregnancy Tracker,53280,20.0,0.0,33,4.0,1000000,0
193,Period Tracker,337285,25.270662905500703,0.0,33,4.142857142857143,10000000,0
194,"Period Tracker Clue: Ovulation, Period Tracker App",637363,18.0,0.0,33,4.0,10000000,0
195,WomanLog Period Tracker & Calendar,124159,16.0,0.0,34,4.0,5000000,0
196,"Eve Period Tracker - Love, Sex & Relationships App",22093,36.0,0.0,33,5.0,1000000,1
197,Workouts at home for woman & man,4869,13.0,0.0,39,4.0,1000000,0
198,Self-help Anxiety Management,2908,23.0,0.0,58,4.0,500000,2
199,My Days - Ovulation Calendar & Period Tracker ï¿½,93709,25.270662905500703,0.0,33,4.142857142857143,5000000,0
200,My Chakra Meditation 2,1302,31.0,0.0,44,2.0,100000,0
201,Fitbit Coach,33135,60.0,0.0,40,4.0,1000000,0
202,Prana Breath: Calm & Meditate,42082,7.2,0.0,37,4.0,1000000,0
203,Female Fitness - Women Workout,101090,11.0,0.0,35,4.0,10000000,0
204,Easy Sexy Hips and Thighs Diet Meal Plan,3,12.0,0.0,42,4.0,1000,0
205,7 Days Healthy Heart Meal Plan Diet,7,15.0,0.0,41,4.0,1000,0
206,SUPER VEGETARIAN MILITARY DIET PLAN,6,14.0,0.0,41,4.0,1000,0
207,BEST FOOD 4 YOUR BLOOD TYPE,128,30.0,0.0,38,4.0,50000,0
208,SUPER DASH DIET MEAL PLAN,12,18.0,0.0,41,4.0,10000,0
209,SUPER SMART SLIMMING DIET,45,13.0,0.0,38,4.0,10000,0
210,Super Military Diet Plan,272,17.0,0.0,35,4.0,100000,0
211,Easy South Beach Meal Plan Diet,16,17.0,0.0,38,4.0,1000,0
212,Runtastic Road Bike PRO,17481,38.0,4.99,40,4.0,100000,0
213,"Runtastic Balance Calorie Calculator, Food Tracker",15453,25.270662905500703,0.0,34,4.142857142857143,1000000,0
214,Runtastic Road Bike Trails & GPS Bike Tracker,92394,38.0,0.0,40,4.0,5000000,0
215,"Runtastic PRO Running, Fitness",218186,25.270662905500703,4.99,33,4.142857142857143,1000000,0
216,Runtastic Six Pack Abs Workout & AbTrainer,122673,25.270662905500703,0.0,41,4.0,5000000,0
217,Runtastic Push-Ups Workout PRO,25780,17.0,1.99,41,4.0,100000,0
218,Runtastic Butt Trainer Workout,17562,25.270662905500703,0.0,41,4.0,1000000,0
219,Runtastic Mountain Bike PRO,16656,38.0,4.99,40,4.0,100000,0
220,Runtastic Steps - Step Tracker & Pedometer,29925,25.270662905500703,0.0,37,4.142857142857143,1000000,0
221,Runtastic Workout Timer App,50061,9.2,0.0,105,2.0,1000000,0
222,Runtastic Heart Rate PRO,14083,25.270662905500703,1.99,41,4.142857142857143,100000,0
223,Runtastic Squats Workout PRO,9076,17.0,1.99,41,4.0,100000,0
224,Runtastic Pull-ups Workout PRO,3552,17.0,1.99,41,4.0,100000,0
225,Runtastic Sit-ups & Abs PRO,15380,17.0,1.99,41,4.0,100000,0
226,Runtastic Push-Ups Counter & Exercises,82072,17.0,0.0,41,4.0,1000000,0
227,HelloSleepï¿½ by ResMed,1,35.0,0.0,34,4.0,10,0
230,BMI Calculator,235,2.3,0.0,33,4.0,10000,0
232,Night Filter: Bluelight Filter,57,526.0,0.0,62,4.0,1000,0
233,Rain Sounds - Sleep Ambiance,9110,8.3,0.0,67,4.0,100000,0
234,??-????????,1,24.0,0.0,43,4.0,500,0
235,Bluelight Filter - Eye Care,37843,3.3,0.0,33,4.0,500000,0
236,Baby Sleep - White Noise,17612,14.0,0.0,32,4.0,1000000,0
237,Sleep Sounds,75449,29.0,0.0,38,4.0,1000000,0
238,"Sleepo: Relaxing sounds, Sleep",43553,26.0,0.0,38,4.0,1000000,0
239,UO Healthfit,74,30.0,0.0,44,4.0,10000,0
240,SKT ?????,667,8.4,0.0,43,4.0,10000,0
252,Viktklubb,316,9.1,0.0,33,5.0,50000,0
253,Zeopoxa Pull Ups,41,3.9,0.0,33,5.0,5000,0
254,Push Ups Workout,2007,3.9,0.0,33,5.0,100000,0
255,Running & Jogging,14419,4.8,0.0,33,5.0,1000000,0
256,Pedometer - Step Counter,3947,4.9,0.0,33,5.0,500000,0
257,Cycling - Bike Tracker,20323,4.9,0.0,33,5.0,1000000,0
258,Squats Workout,97,3.9,0.0,33,5.0,5000,0
259,Sit Ups Abs Workout,221,4.0,0.0,33,5.0,10000,0
261,Human Body System,463,7.1,0.0,61,2.0,50000,0
262,Garmin Connectï¿½,343464,25.270662905500703,0.0,33,4.142857142857143,10000000,0
263,vï¿½vofit jr.,3717,73.0,0.0,33,5.0,100000,0
264,CANINE,78,34.0,0.0,39,4.0,5000,0
265,Blink Fit,948,20.0,0.0,33,5.0,10000,0
266,Timex | Blink,300,17.0,0.0,33,5.0,10000,0
267,Interval Timer ? HIIT Training,4815,14.0,0.0,38,4.0,500000,0
269,Sanitas En Casa Contigo,8,14.0,0.0,36,4.0,500,0
270,Sanitas Mayores-App Familiares,43,54.0,0.0,39,5.0,5000,0
271,Mi Sanitas,2629,67.0,0.0,33,4.0,100000,0
272,ReliOn Life,431,10.0,0.0,38,5.0,10000,0
273,Alarm Clock,34615,11.0,0.0,32,4.0,1000000,0
274,Once -A special period tracker,22089,11.0,0.0,33,4.0,1000000,3
275,Pachamanga,876,2.6,0.0,57,4.0,50000,0
276,"JEFIT Workout Tracker, Weight Lifting, Gym Log App",64323,29.0,0.0,33,4.0,5000000,1
277,30 Day Fitness Challenge - Workout at Home,501291,12.0,0.0,34,4.0,10000000,0
278,"Freeletics: Workout, Fitness & Bodyweight Loss App",151687,14.0,0.0,33,5.0,10000000,0
279,Headspace: Meditation & Sleep,98020,31.0,0.0,33,4.0,10000000,0
280,What's Up? - Mental Health App,2978,9.8,0.0,64,2.0,100000,0
285,MyBSWHealth,3116,50.0,0.0,32,5.0,100000,0
287,SYNC GO,144,19.0,0.0,33,4.0,10000,0
288,Happy Pregnancy Ticker,8376,6.9,0.0,57,2.0,1000000,0
289,Impact - Walk-Jog-Run for Fitness & Charity.,7743,11.0,0.0,33,4.0,100000,0
290,C25Kï¿½ - 5K Running Trainer,48642,50.0,0.0,36,6.0,1000000,0
291,The Walk: Fitness Tracker Game (Free),109,55.0,0.0,40,4.0,10000,1
292,"Zombies, Run! (Free)",18395,25.270662905500703,0.0,37,4.142857142857143,1000000,1
293,DrBerg,730,28.0,0.0,35,5.0,50000,0
294,cronometer,1029,9.4,0.0,32,4.0,100000,0
295,Best Boiled Egg Diet Plan,315,14.0,0.0,35,4.0,100000,0
296,Naturally Slim,613,24.0,0.0,33,6.0,50000,0
297,"ClassPass: Try Fitness - Boxing, Yoga, Spin & More",3115,41.0,0.0,33,4.0,100000,0
298,StepsApp Pedometer,5865,35.0,0.0,34,7.0,100000,0
299,Huawei Health,73771,25.270662905500703,0.0,33,4.0,100000000,0
300,"Period Tracker, Ovulation Calendar & Fertility app",108137,14.0,0.0,33,4.0,5000000,0
306,Joywear,748,16.0,0.0,33,4.0,100000,0
307,Map My Ride GPS Cycling Riding,114575,69.0,0.0,32,5.0,5000000,0
308,Map My Fitness Workout Trainer,41548,69.0,0.0,32,5.0,1000000,0
309,Huawei Wear,23604,25.270662905500703,0.0,43,4.142857142857143,5000000,0
310,NBA FIT,627,87.0,0.0,33,4.0,100000,0
312,Mindfulness Coach,1430,97.0,0.0,38,4.0,100000,0
313,Meditation & Relaxation: Guided Meditation,32409,25.270662905500703,0.0,38,5.0,1000000,0
316,Pill Reminder and Medication Tracker by Medisafe,181099,25.270662905500703,0.0,33,4.142857142857143,1000000,0
318,Polar Flow ï¿½ Sync & Analyze,79424,25.270662905500703,0.0,32,4.142857142857143,1000000,0
319,LG Health,22506,25.0,0.0,33,4.0,10000000,0
320,Virgin Pulse,28545,17.0,0.0,33,5.0,500000,0
321,Lifelog,329031,13.0,0.0,34,4.0,10000000,0
322,Chuze Fitness,1947,38.0,0.0,34,5.0,100000,0
323,Six Pack in 30 Days,28657,56.0,0.0,32,4.0,1000000,0
324,7 Minute Abs Workout - Six Pack in 30 Days,2770,26.0,0.0,33,4.0,100000,3
325,Casual dieting-weight manager-,21247,15.0,0.0,76,4.0,1000000,0
328,CrossX,723,34.0,0.0,35,4.0,100000,1
342,Relaxing Music: Sleep Sounds,7070,84.0,0.0,33,4.0,500000,0
343,White Noise: Sleep Sounds,2418,53.0,0.0,33,4.0,100000,0
344,Nature Sounds,19235,42.0,0.0,33,4.0,1000000,0
345,Atmosphere: Relaxing Sounds,42242,59.0,0.0,42,4.0,1000000,0
355,Mitt SiO,11,14.0,0.0,33,5.0,5000,0
357,Digital fullmakt,6,8.7,0.0,43,4.0,1000,0
358,Die 28 Dae Eetplan Resepteboek,9,14.0,7.49,46,4.0,500,0
359,Low FODMAP diet A to Z food list for IBS sufferers,936,3.3,0.0,33,4.0,50000,0
360,Macros - Calorie Counter & Meal Planner,3043,7.5,0.0,33,4.0,500000,0
361,Carb Manager - Keto & Low Carb Diet Tracker,21951,11.0,0.0,33,6.0,1000000,0
362,Owlet Baby Care,6390,46.0,0.0,42,4.0,100000,0
363,Gebelik Takibim,118,6.3,0.0,38,4.0,50000,0
364,Darker (Screen Filter),15642,25.270662905500703,0.0,46,4.142857142857143,1000000,0
365,iTrackBites: Smart Weight Loss,4668,24.0,0.0,33,4.0,100000,0
367,"GPS Sports Tracker App: running, walking, cycling",8138,13.0,0.0,33,4.0,500000,0
368,Insight Timer - Free Meditation App,28275,25.270662905500703,0.0,32,4.142857142857143,1000000,0
369,"Stop, Breathe & Think: Meditation & Mindfulness",9354,14.0,0.0,33,5.0,1000000,0
370,"The Mindfulness App: relax, calm, focus and sleep",8687,25.270662905500703,0.0,34,4.142857142857143,1000000,0
371,Fitness & Bodybuilding,122239,61.0,0.0,33,4.0,10000000,0
372,SimpleWeight - Recording Diet,851,6.4,0.0,41,4.0,100000,0
373,Weight Loss Tracker & BMI Calculator ï¿½ WeightFit,1493,3.9,0.0,34,5.0,100000,0
374,Health Aide,77,10.0,0.0,41,4.0,1000,0
378,Strength Training by Muscle & Motion,1222,89.0,0.0,33,4.0,100000,0
390,Brain Waves Pro Binaural Beats,103,4.6,2.99,33,4.0,5000,0
391,Binaural Beats,254,2.3,0.0,39,2.0,10000,0
392,Sleep Hypnosis Music for Relax,748,72.0,0.0,33,4.0,100000,0
393,Noise Wall - Block Noise,620,2.1,0.0,37,5.0,100000,0
394,Atmosphere: Binaural Therapy Meditation,5674,39.0,0.0,33,4.0,100000,0
398,Mi Fit,347512,68.0,0.0,33,4.0,10000000,0
399,Huawei Body Fat Scale,1230,20.0,0.0,40,4.0,100000,0
400,VeryFitPro,32594,32.0,0.0,32,4.0,1000000,0
402,"Period Tracker Flo, Pregnancy & Ovulation Calendar",858492,52.0,0.0,33,4.0,10000000,0
405,Natural Medicines for Health,208,9.3,0.0,36,4.0,100000,0
408,F45 Challenge,1231,10.0,0.0,33,4.0,50000,0
409,Tabata HIIT. Interval Timer,6676,3.5,0.0,32,4.0,500000,0
410,Tabata Timer: Interval Timer Workout Timer HIIT,56266,10.0,0.0,34,4.0,1000000,0
411,Seconds - Interval Timer for HIIT & Tabata,6996,5.6,0.0,34,5.0,500000,0
412,Tabata Timer for HIIT,62164,12.0,0.0,33,3.0,1000000,0
413,Interval Timer,54934,949.0,0.0,42,4.0,1000000,0
414,Diet and Health - Lose Weight,112484,25.270662905500703,0.0,32,4.0,5000000,0
415,Numi - Weight Loss with Exercises,1269,27.0,0.0,32,5.0,100000,0
416,Health Drink Water Reminder: Daily Habit Tracker,37,6.2,0.0,33,4.0,10000,0
417,myHUT,2014,11.0,0.0,35,4.0,100000,0
418,"Sadhguru - Yoga, Meditation & Spirituality",13861,23.0,0.0,33,4.0,1000000,0
419,"Meditation + Concentration, timer, music, relax",2204,14.0,0.0,33,4.0,100000,0
420,Yoho Sports,14969,6.8,0.0,34,4.0,1000000,0
421,Tools & Mi Band,17129,14.0,3.49,33,4.0,100000,0
422,Let's Meditate: Guided Meditation,33117,3.6,0.0,44,4.0,500000,0
423,PRO Fitness,6658,40.0,0.0,35,4.0,500000,0
424,"Strong: Exercise Gym Log, 5x5",9497,94.0,0.0,39,4.0,100000,0
425,Stretching Exercises - Flexibility Training,17500,10.0,0.0,33,4.0,1000000,0
427,First Aid - American Red Cross,10011,40.0,0.0,34,5.0,1000000,0
428,Fit! - Fitness Tracker,155,2.3,0.0,55,4.0,10000,0
429,??????????????????????,14888,34.0,0.0,58,4.0,500000,0
430,HealthPlanet,2212,25.270662905500703,0.0,33,4.0,1000000,0
431,Meditation music for relaxation free,2,74.0,0.0,33,4.0,100,0
432,Music to sleep and relax,2,82.0,0.0,33,4.0,100,0
433,Brain Waves - Binaural Beats,42,77.0,0.0,33,4.0,1000,0
434,Thunderstorm sounds and rain sound for sleep,6,75.0,0.0,33,4.0,500,0
435,Massage music free. Relaxing sounds.,6,75.0,0.0,33,4.0,500,0
436,Orangetheory OTbeat,572,20.0,0.0,70,4.0,100000,0
437,Fit Republic,464,37.0,0.0,35,5.0,50000,0
438,VASA Fitness,870,41.0,0.0,35,5.0,100000,0
439,EoS Fitness,316,47.0,0.0,33,5.0,10000,0
440,Retro Fitness,1407,36.0,0.0,40,5.0,100000,0
441,3PLUS ELITE,3587,27.0,0.0,33,4.0,100000,0
442,Myzoneï¿½,8025,25.0,0.0,33,5.0,100000,0
443,Freediving Apnea Trainer,1058,11.0,0.0,34,4.0,50000,0
444,SnoreLab : Record Your Snoring,11251,37.0,0.0,33,4.0,1000000,0
445,"Lifesum - Diet Plan, Macro Calculator & Food Diary",198063,25.270662905500703,0.0,33,4.142857142857143,10000000,0
446,Relax Lite: Stress Relief,3246,28.0,0.0,65,3.0,500000,0
447,Universal Breathing: Pranayama,231,17.0,4.99,85,2.0,5000,0
448,Universal - Meditation,47,29.0,0.0,89,2.0,5000,0
449,Health Through Breath,38,27.0,4.99,96,3.0,1000,0
450,GOQii - Smart Preventive Healthcare,16746,13.0,0.0,33,4.0,1000000,0
452,Weight loss tracker ï¿½ Monitor your body and diet,302,1.8,0.0,40,4.0,10000,0
453,Formula Of Beauty,31,194.0,0.0,98,1.0,5000,0
454,White Noise Baby Sleep Sounds,29401,22.0,0.0,32,4.0,1000000,0
455,"Sleep Sounds Free - Relax Music, White Noise",16516,26.0,0.0,35,4.0,1000000,0
456,Pain Management,2,11.0,0.0,39,4.0,100,0
457,NYC ACCESS HRA,7492,26.0,0.0,33,5.0,100000,0
461,Preglife - Pregnancy & Baby,11725,56.0,0.0,33,4.0,500000,0
462,Moto Body,9148,7.1,0.0,43,4.0,1000000,0
464,Jiff - Health Benefits,5520,7.1,0.0,33,5.0,100000,0
465,Health4Me,14265,84.0,0.0,33,5.0,1000000,0
466,myCigna,8688,63.0,0.0,33,5.0,1000000,0
467,InformUs,4,7.2,0.0,39,4.0,500,0
469,0-100 Pushups Trainer,21103,10.0,0.0,38,4.0,500000,0
470,100 Pushups workout,63857,19.0,0.0,34,4.0,1000000,0
471,ATG,181,8.3,0.0,35,4.0,10000,0
473,Joywear 2,97,60.0,0.0,34,4.0,5000,0
474,MOVEBAND,392,30.0,0.0,32,4.0,100000,0
475,Onetouch Move,11091,26.0,0.0,33,4.0,100000,0
476,ASUS ZenFit,6139,25.270662905500703,0.0,51,4.142857142857143,1000000,0
477,Florida Blue,583,32.0,0.0,34,8.0,100000,0
479,My Health Toolkitï¿½ for BCBS,65,18.0,0.0,33,4.0,10000,0
480,Yoga tools from Sadhguru,4545,44.0,0.0,78,3.0,100000,0
481,Medicaments au Maroc,2111,2.4,0.0,34,4.0,10000,0
483,Medical ID (Free): In Case of Emergency,4639,7.5,0.0,33,5.0,100000,0
484,112 Where ARE U,3106,7.4,0.0,33,4.0,500000,0
485,ICE - In Case of Emergency,6757,3.6,0.0,33,5.0,100000,0
486,Tabata Stopwatch Pro - Tabata Timer and HIIT Timer,6691,13.0,0.0,33,5.0,100000,0
487,Tabata Timer (Ad Free),735,12.0,2.0,33,5.0,5000,0
488,Tabata Interval HIIT Timer,8883,7.1,0.0,33,4.0,100000,0
489,Ride with GPS - Bike Computer,3468,25.270662905500703,0.0,34,4.142857142857143,500000,0
491,Weight Gurus,5756,25.270662905500703,0.0,34,4.142857142857143,100000,0
492,Relive - Your Outdoor 3D Videos,36019,43.0,0.0,33,5.0,1000000,1
495,BeatO SMART Diabetes Management,2749,24.0,0.0,33,4.0,100000,0
496,Livongo,265,46.0,0.0,34,5.0,10000,0
499,Abs workout A6W - flat belly at home,339763,11.0,0.0,37,4.0,10000000,0
500,Sportractive GPS Running Cycling Distance Tracker,66200,8.3,0.0,37,5.0,1000000,0
501,Noom Walk Pedometer,154739,12.0,0.0,66,4.0,10000000,0
502,Noom Monitor,7,63.0,0.0,57,4.0,1000,0
503,"Buttocks Workout - Hips, Legs & Butt Workout",154166,9.9,0.0,33,4.0,10000000,0
504,"Maya - Period, Fertility, Ovulation & Pregnancy",177988,15.0,0.0,33,4.0,5000000,2
505,"Body Editor - Body Shape Editor, Slim Face & Body",33104,14.0,0.0,36,4.0,5000000,1
506,Keto Diet Plan & Recipes,24,27.0,0.0,33,4.0,50000,0
507,Water Diet Plan,71,8.9,0.0,35,4.0,100000,0
508,"Komoot ï¿½ Cycling, Hiking & Mountain Biking Maps",74874,25.270662905500703,0.0,34,4.142857142857143,1000000,0
509,Wahoo Fitness: Workout Tracker,6697,34.0,0.0,41,4.0,100000,0
510,Simple Weight Tracker,3499,3.6,0.0,33,5.0,100000,0
511,ageLOC Me,23,41.0,0.0,50,4.0,5000,0
520,Relaxing Spa Music,189,16.0,0.0,33,2.0,10000,0
521,Sportcentrum de Oude Fabriek,28,24.0,0.0,33,4.0,100,0
522,Urban Sports Club,239,12.0,0.0,33,4.0,50000,0
523,PowerDot,728,22.0,0.0,34,5.0,10000,0
526,RR Eating Disorder Management,5633,25.270662905500703,0.0,34,5.0,100000,0
528,mySymptoms Food Diary & Symptom Tracker,768,15.0,4.49,34,4.0,10000,0
529,Food Intolerances,305,27.0,4.99,37,4.0,10000,0
531,Gym Workout Plan for Weight Training,1385,23.0,0.0,38,4.0,100000,0
532,SugarWOD,2287,6.3,0.0,36,4.0,100000,1
533,Fitternity - Health & Fitness App,1517,40.0,0.0,34,5.0,100000,0
534,Smiling Mind,1995,13.0,0.0,35,4.0,500000,0
535,Easy Workout Exercises on your Office Chair,6,20.0,0.0,35,4.0,5000,0
537,keto diet recipes -30 Days Plan,127,13.0,0.0,34,4.0,50000,0
538,Best Cucumber Diet Weightloss Plan,28,11.0,0.0,42,4.0,10000,0
539,Discovery Benefits Mobile,495,2.4,0.0,37,6.0,100000,0
540,Detox diet plan:Lose fat fast in 7 days,1156,13.0,0.0,33,4.0,100000,0
541,Atkins Diet,13,12.0,0.0,36,4.0,1000,0
542,Fasting Time - Fasting Tracker & Intermittent Diet,1044,9.2,0.0,34,4.0,50000,0
543,Intermittent Fasting For Beginner,6,11.0,0.0,36,4.0,5000,0
544,Keto Diet Plan Beginner,86,13.0,0.0,36,4.0,50000,0
548,"Decathlon Coach - Running, Walking, Pilates, GPS",19087,59.0,0.0,33,4.0,1000000,0
549,Cure.fit - Food Delivery | Fitness | Online doctor,17293,25.270662905500703,0.0,33,5.0,1000000,0
552,The Healing App: Heal Me!,304,2.4,0.0,36,4.0,5000,0
553,Deep Meditation: Relaxation & Sleep Meditation App,2438,4.4,0.0,33,4.0,100000,0
554,"MINDBODY - Book Fitness, Wellness, Salon, and Spa",6656,20.0,0.0,32,4.142857142857143,1000000,0
556,UnitedHealthcare,260,18.0,0.0,33,5.0,10000,0
557,Patient Aid,1319,32.0,0.0,33,4.0,50000,0
559,Hidrate Spark Water Bottle,4239,29.0,0.0,33,5.0,50000,0
561,Hydro Coach PRO - Drink water,9087,16.0,5.99,33,4.0,50000,0
562,DrinKup ï¿½ Your Smart Bottle Friend,110,30.0,0.0,34,4.0,1000,0
566,"Sleep sounds - Relax, Yoga, Sleep, Meditation",2387,3.7,0.0,32,5.0,100000,0
568,Ocean Sounds Relax n Sleep,4177,15.0,0.0,33,4.0,100000,0
569,Water Sounds Nature Sounds,3201,24.0,0.0,33,4.0,100000,0
570,Thunderstorm Sounds Nature,2398,19.0,0.0,33,4.0,100000,0
571,Farmï¿½cias de Serviï¿½o .net,4709,25.270662905500703,0.0,51,4.142857142857143,500000,0
572,"Body Measurement, Body Fat and Weight Loss Tracker",1418,25.270662905500703,0.0,33,4.142857142857143,100000,0
575,Kaiser Permanente,12927,29.0,0.0,33,5.0,1000000,0
576,UHC StudentResources,290,6.3,0.0,36,4.0,50000,0
577,Consumer Accounts with UMR,8,2.4,0.0,37,6.0,1000,0
578,UHC Healthy Pregnancy,38,46.0,0.0,33,4.0,5000,0
579,Express Scripts,14163,8.3,0.0,34,4.0,500000,0
580,F45 Training,196,6.7,0.0,36,4.0,100000,0
581,Health Mate - Total Health Tracking,44722,25.270662905500703,0.0,33,4.142857142857143,1000000,0
582,White Noise & Deep Sleep Sounds - Fan & Baby Sleep,1370,58.0,0.0,41,6.0,50000,0
584,HIIT & Cardio Workout by Fitify,13692,38.0,0.0,41,4.0,1000000,0
585,sFilter - Blue Light Filter,6105,2.3,0.0,32,4.0,500000,0
586,Blue Light Filter & Night Mode - Night Shift,43773,3.6,0.0,33,4.0,1000000,0
587,Bluelight Filter for Eye Care,340580,6.1,0.0,34,4.0,10000000,0
588,"Blue Light Filter - Night Mode, Night Shift",246914,25.270662905500703,0.0,35,4.142857142857143,10000000,0
589,Seconds Pro - Interval Timer,2481,5.6,4.99,34,5.0,10000,0
591,Healthy Detox Drinks: 300+ Recipes,5,18.0,0.99,39,4.0,50,0
594,"Weight Diary - Weight Loss Tracker, BMI, Body Fat",254,11.0,0.0,35,5.0,50000,0
595,BMI & Weight Control,1840,25.270662905500703,0.0,34,4.142857142857143,100000,0
596,BMI Calculator & Weight Loss Tracker,124030,4.2,0.0,34,5.0,10000000,0
597,BMI Calculator,3896,3.6,0.0,34,4.0,1000000,0
598,"Accolade, Inc.",353,25.270662905500703,0.0,32,4.142857142857143,50000,0
599,Tabela Tuss,86,3.2,0.0,62,4.0,5000,0
600,Solfeggio Frequencies : Chakra Healing,2118,53.0,0.0,34,4.0,100000,0
601,MedBridge GO for Patients,1773,25.0,0.0,34,4.0,50000,0
602,Apphealing,23,53.0,6.99,43,4.0,100,0
603,"Plank Workout-30 Day Challenge, Full body workout",40619,25.270662905500703,0.0,33,4.0,500000,0
604,Diabetes Diary - Blood Glucose Tracker,174,7.9,0.0,33,4.0,10000,0
605,Quit Drinking ï¿½ Stay Sober,193,5.9,0.0,33,4.0,10000,0
606,Weight,1193,25.270662905500703,0.0,33,4.142857142857143,100000,0
607,My Contractions Tracker,147,2.6,0.0,34,4.0,50000,0
608,Abs Workout,2538,9.5,0.0,35,4.0,100000,0
619,Amerifit Nutrition Tracker,50,25.270662905500703,0.0,40,4.142857142857143,5000,0
621,White Noise,15885,25.270662905500703,0.99,39,4.142857142857143,100000,0
623,Rise ï¿½ Sleep Better,53,59.0,0.0,33,5.0,10000,0
624,"KFit - Fitness, Beauty, Spa",1098,18.0,0.0,37,4.0,100000,0
625,myCOMPASS PA,2604,39.0,0.0,34,6.0,100000,0
626,Sitting Still,23,38.0,1.99,67,4.0,1000,0
628,MDLIVE for Cigna,51,35.0,0.0,57,4.0,10000,0
631,Breakthrough Therapy,42,23.0,0.0,60,4.0,5000,0
633,Coach by Cigna,3778,34.0,0.0,55,4.0,1000000,0
634,Apps & Activities,15,22.0,0.0,37,6.0,1000,0
635,Cigna Health Benefits,268,2.2,0.0,59,4.0,100000,0
637,Cigna Envoy,681,11.0,0.0,32,5.0,50000,0
641,Home Workout for Men - Bodybuilding,27289,9.8,0.0,33,4.0,1000000,0
642,Yoga Workout - Yoga for Beginners - Daily Yoga,2957,20.0,0.0,33,4.0,100000,0
643,Beachbody On Demand - The Best Fitness Workouts,2350,12.0,0.0,33,5.0,500000,0
644,Sobriety Counter ï¿½ Bad Habits,21186,4.7,0.0,34,4.0,500000,0
646,BD Provider App,45,13.0,0.0,63,4.0,10000,0
649,"Body Calculator (BMI, TDEE...)",376,7.1,0.0,40,5.0,100000,0
650,Weight Tracker aktiWeight,3522,4.8,0.0,32,4.0,100000,0
651,Gorilla Workout: Build Muscle & Lose Weight Easily,1509,86.0,0.99,44,4.0,10000,0
653,Gympass,6020,5.9,0.0,34,5.0,500000,0
659,Food Diary,1240,4.3,0.0,40,4.0,100000,0
667,FitToFit - Fitbit to Google Fit,1074,3.3,0.0,32,4.0,100000,0
668,St John Ambulance First Aid,3308,11.0,0.0,61,1.0,500000,0
670,White Noise - Baby Sleep Sounds,161,3.6,0.0,32,5.0,10000,0
681,OvuView: Ovulation & Fertility,41612,25.270662905500703,0.0,42,4.142857142857143,1000000,0
683,Ovulation Calendar & Fertility - Boy or Girl,6868,6.9,0.0,34,4.0,500000,0
685,Wave Sounds,156,20.0,0.0,42,2.0,10000,0
686,Styrkelabbet,483,27.0,0.0,34,4.0,10000,0
688,Break Reminder,299,3.4,0.0,36,4.0,10000,0
689,I need hugs,114,7.9,0.0,42,4.0,10000,0
691,Daily Workout - Lose Belly Fat in 7 Minutes,17,4.6,0.0,34,4.0,1000,0
692,Bluelight Filter,6990,186.0,0.0,34,4.0,500000,0
693,Zika Vï¿½rus - Minha Vida,46,2.8,0.0,69,4.0,1000,0
694,Suunto,7806,30.0,0.0,32,5.0,100000,0
700,Yoga for Beginners ï¿½ Daily Yoga Workout at Home,1073,28.0,0.0,34,4.0,100000,0
701,"Keep Yoga - Yoga & Meditation, Yoga Daily Fitness",11367,25.270662905500703,0.0,33,4.142857142857143,500000,0
702,Down Dog | Great Yoga Anywhere,34708,9.1,0.0,33,4.0,1000000,1
703,"Interval Timer - HIIT, Tabata, Crossfit Training",132,5.8,0.0,33,4.0,50000,0
704,Notify & Fitness for Mi Band,28906,14.0,0.0,33,4.0,1000000,0
705,JUKUSUI,19683,25.270662905500703,0.0,33,4.142857142857143,1000000,0
710,Sync Fix for Fitbit and Huawei/Honor phones,141,3.2,0.0,33,4.0,10000,0
714,"Brown Noise, Pink Noise and White Noise.",553,4.7,0.0,32,4.0,10000,0
715,BMI Calculator - BMR Calculator & Ideal Weight,144,2.2,0.0,33,4.0,10000,0
716,Sobriety Clock,541,25.270662905500703,0.0,33,4.142857142857143,100000,1
720,NA Meeting Search 3.3,2395,7.0,0.0,39,4.0,100000,0
721,Twilight: Blue light filter,341452,25.270662905500703,0.0,36,4.142857142857143,5000000,0
722,Drink Water Reminder - Water Tracker & Alarm,2665,3.5,0.0,34,5.0,100000,0
723,Hydro Coach - Drink Water Reminder & Water Tracker,101694,17.0,0.0,33,4.0,1000000,0
725,PhysiAppï¿½,37,9.5,0.0,38,4.0,10000,0
726,BodySpace - Social Fitness App,19686,71.0,0.0,35,4.0,1000000,1
727,Go: Audio Workouts & Fitness,406,22.0,0.0,33,5.0,10000,0
728,Music for Meditation,2881,87.0,0.0,36,4.0,100000,0
729,mental health,131,12.0,0.0,35,4.0,50000,0
734,BMI for Kids calculator Percentile child BMI Chart,12,3.8,0.0,41,4.0,1000,0
735,Arm Workout - Biceps Exercise,85082,12.0,0.0,36,4.0,10000000,0
736,200 Push-Ups - Ultimate Workout,8666,6.0,0.0,33,4.0,100000,0
737,Movesum ï¿½ Steps by Lifesum,297,6.3,0.0,64,4.0,50000,0
738,My Doctor Online (NCAL Only),543,43.0,0.0,34,6.0,100000,0
739,Make me Healthy ?? Fitness & Healthy Lifestyle app,59,3.0,0.0,36,4.0,1000,0
740,Fitbit Plus - Health Coaching,98,36.0,0.0,34,5.0,10000,0
741,iFlex by Infinisource,63,2.4,0.0,37,6.0,10000,0
742,Auro : Gym Audio Workouts,82,41.0,0.0,33,5.0,10000,0
743,Anytime Fitness,829,18.0,0.0,32,5.0,500000,0
744,Crunch Fitness,918,40.0,0.0,36,5.0,100000,0
745,Waking Up with Sam Harris - Mindfulness Meditation,4240,16.0,0.0,33,4.0,100000,0
746,She Fit - Female Fitness,34,36.0,0.0,33,4.0,1000,0
747,Timer Pro - Workouts Timer,1088,22.0,0.0,38,4.0,100000,0
748,??????? ???? ?? ???? ?????,17,3.8,0.0,37,4.0,5000,0
749,Vitamin Deficiency Finder,1442,25.270662905500703,0.0,35,4.142857142857143,100000,0
751,Thyroid Nodule and Cancer Guide,9,19.0,0.0,34,5.0,100,0
753,Learn Acupressure Basics,1457,4.1,0.0,37,4.0,100000,0
754,Ingred,1389,3.7,0.0,34,4.0,100000,0
755,Water Drink Reminder - Hydro+,547,25.270662905500703,2.99,38,4.142857142857143,1000,0
756,Engage Wellbeing,366,32.0,0.0,33,5.0,10000,0
759,Plum Market,41,13.0,0.0,33,4.0,10000,0
760,The 28 Day Diet,4,12.0,0.99,45,4.0,100,0
761,MOVEEFFECT,11,3.6,0.0,37,4.0,1000,0
762,"Gym WP - Dumbbell, Barbell and Supersets Workouts",22522,22.0,0.0,32,4.0,500000,0
763,ThinkUp: Positive Affirmations,1999,76.0,0.0,32,4.0,100000,0
765,Virginia Mason Medical Center,15,3.5,0.0,46,4.0,1000,0
766,OmaMehilï¿½inen,467,21.0,0.0,32,5.0,100000,0
767,TomTom Sports,45482,43.0,0.0,35,4.0,1000000,0
769,Accupressure Yoga Point Tips,26,8.3,0.0,35,4.0,5000,0
770,TCM Acupoint index for acupuncture,962,10.0,0.0,34,4.0,100000,0
771,Asian Health,62,25.270662905500703,3.49,35,4.142857142857143,5000,0
772,Acupressure Point for 300+ Diseases,50,5.4,0.0,47,4.0,10000,0
773,Step Counter - Calorie Counter - Pedometer Free,881,1.9,0.0,36,4.0,100000,0
774,Weight Calendar,1688,1.8,0.0,38,4.0,50000,0
775,Drink Water: Water tracker and reminder alarm,1575,1.9,0.0,36,4.0,50000,0
776,Simple Meditation,1817,9.8,0.0,55,4.0,100000,0
777,CVS/pharmacy,160889,63.0,0.0,33,4.0,10000000,0
778,RunDouble Couch to 5K PRO,214,34.0,1.59,96,2.0,10000,0
779,Half Marathon PRO by RunDouble,11,34.0,1.59,96,2.0,1000,0
780,10K PRO by RunDouble,23,34.0,1.59,96,2.0,1000,0
781,Couch to 5k & 10k,2085,14.0,0.0,48,4.0,100000,0
782,Keep Trainer - Workout Trainer & Fitness Coach,63661,25.270662905500703,0.0,33,4.142857142857143,5000000,0
784,Strong Legs in 30 Days - Legs Workout,10410,40.0,0.0,32,4.0,1000000,0
785,Lose Belly Fat - Home Workout,5671,59.0,0.0,32,4.0,1000000,0
786,Home Workout - No Equipment,25121,74.0,0.0,32,4.0,1000000,0
787,Strong Arms in 30 Days - Biceps Exercise,6775,36.0,0.0,32,4.0,1000000,0
788,Kickboxing - Fitness and Self Defense,7922,53.0,0.0,32,4.0,500000,0
789,Salud Responde,8223,25.270662905500703,0.0,47,4.0,1000000,0
790,HealthHub SG,1564,37.0,0.0,35,5.0,100000,0
791,HealthEngine,7335,16.0,0.0,33,4.0,100000,0
792,Polar Beat - Multisport Fitness App,27961,68.0,0.0,33,5.0,1000000,0
798,iMuscle 2,2581,31.0,1.99,34,4.0,50000,0
799,Tecnofit Box,126,25.0,0.0,32,4.0,50000,0
800,Philips Sonicare,1791,84.0,0.0,33,6.0,100000,0
801,Oral-B,18091,95.0,0.0,34,6.0,1000000,0
802,My KP Meds,144,47.0,0.0,33,6.0,10000,0
803,Kaiser Permanente Washington,770,18.0,0.0,35,5.0,100000,0
804,Boseï¿½ Sleep,2104,53.0,0.0,33,5.0,50000,0
805,Trainingym,1338,21.0,0.0,33,4.0,100000,0
806,Pharmacie de Garde CI et Prix,3029,6.9,0.0,47,2.0,100000,3
807,Medicaments de France,25,2.8,0.0,34,4.0,1000,0
811,Aetna International,56,3.8,0.0,37,4.0,10000,0
812,Aetna Mobile,3963,38.0,0.0,35,4.0,1000000,0
814,LA Fitness Mobile,8116,12.0,0.0,34,4.0,1000000,0
815,eGym Fitness app,5853,25.270662905500703,0.0,33,4.142857142857143,100000,0
816,Doctor At Home,376,8.2,0.0,36,4.0,100000,0
818,????????? ???? ???,420,1.7,0.0,34,4.0,100000,0
819,Smoothies and Healthy Juices,161,11.0,0.0,32,4.0,10000,0
829,Phiten????????????,10,11.0,0.0,35,5.0,10000,0
830,The Wonder Weeks,10668,19.0,2.99,38,4.0,500000,0
831,Tarjeton Digital IMSS,349,29.0,0.0,34,4.0,10000,0
832,Life Time Member App,3347,51.0,0.0,33,5.0,100000,0
833,The Gym,45,30.0,0.0,35,5.0,10000,0
835,Quit Tracker: Stop Smoking,57700,4.7,0.0,35,4.0,1000000,0
836,Stop Smoking - EasyQuit free,55808,4.4,0.0,34,4.0,1000000,0
837,Fap Watch: Quit your fap addiction,492,4.0,0.0,38,4.0,50000,0
838,Fat Burning Workouts - Lose Weight Home Workout,5984,10.0,0.0,35,4.0,1000000,0
844,Bodyweight Workout,20341,2.5,0.0,32,4.0,1000000,0
845,Start Running. Couch to 5K Run Tracker,7393,3.4,0.0,32,4.0,500000,0
846,Samsung Health,667452,79.0,0.0,33,5.0,500000000,0
847,Thermo - Smart Fever Management,220,22.0,0.0,39,4.0,50000,0
849,Timer Plus - Workouts Timer,1152,16.0,0.0,38,4.0,100000,0
851,Back pain exercises,203,45.0,0.0,33,4.0,10000,0
852,?? ???,285,3.7,0.0,34,4.0,50000,0
853,home workout exercise and yoga,112,48.0,0.0,35,5.0,1000,0
854,MENSTRUATION  REMEDIES and PERIOD TRACKER,3,4.6,0.0,38,4.0,100,0
856,Virgin Active,922,58.0,0.0,34,5.0,100000,0
857,Bodybuilding.com Store,2406,19.0,0.0,37,4.0,500000,0
858,Sleep Time : Sleep Cycle Smart Alarm Clock Tracker,31161,36.0,0.0,50,4.0,1000000,0
860,Heart Rate Plus - Pulse & Heart Rate Monitor,15942,25.270662905500703,0.0,33,4.142857142857143,1000000,0
861,LifeCoin - Rewards for Walking & Step Counting,486,47.0,0.0,41,5.0,10000,0
862,Runtastic Heart Rate Monitor & Pulse Checker,148695,25.270662905500703,0.0,41,4.142857142857143,5000000,0
863,Cardiograph - Heart Rate Meter,200924,25.270662905500703,0.0,47,4.142857142857143,10000000,0
864,Accurate Heart Rate Monitor,3287,2.2,0.0,34,5.0,100000,0
867,NutriBullet Balance,94,74.0,0.0,34,5.0,10000,0
869,HASfit Home Workout Routines & Fitness Plans,2441,21.0,0.0,34,4.0,100000,0
870,Nourish Perfect Portions,9,4.6,0.0,50,4.0,1000,0
871,BMI Calculator,54135,2.4,0.0,32,4.0,1000000,0
872,Balance Health,571,6.8,0.0,32,4.0,10000,0
873,FITINDEX,128,25.270662905500703,0.0,33,4.0,10000,0
878,Round the Bays,15,33.0,0.0,46,2.0,1000,0
879,Del amor y otros demonios libro,3,19.0,0.0,35,6.0,1000,0
880,Home Workout - No Equipment,281,25.0,0.0,37,4.0,10000,0
881,Wellie,42,81.0,0.0,38,4.0,10000,0
882,Boxing Interval Timer,6629,25.270662905500703,0.0,36,4.142857142857143,500000,0
883,SmartWOD Timer - WOD timer for Cross Training,822,15.0,0.0,33,4.0,100000,0
884,LES MILLS On Demand,652,16.0,0.0,33,4.0,10000,0
890,30 Day Fitness Challenge : Fitness Workout at Gym,529,9.2,0.0,33,4.0,100000,0
891,Meditation Music for Sleep & Relaxing Mind - Body,187,7.9,0.0,35,4.0,10000,0
892,Serenity: Guided Meditation & Mindfulness,1300,83.0,0.0,32,4.0,50000,0
893,Mood Log,1052,5.1,0.0,44,4.0,10000,0
896,Am I Pregnant?(Pregnancy test),483,7.7,0.0,35,4.0,100000,0
897,Reverie: 30 day meditation Challenge,15,36.0,0.0,35,4.0,1000,0
899,iFasting - Simple Intermittent Fasting Tracker,2425,11.0,0.0,33,4.0,100000,0
900,LIFE Fasting Tracker,938,78.0,0.0,33,6.0,50000,0
901,Intermittent Fasting,15,12.0,0.0,34,4.0,10000,0
902,Zero Calories - fasting tracker for weight loss,4724,11.0,0.0,33,4.0,100000,0
907,Ketogenic Diet Low carb recipes for Weight Loss,24,10.0,0.0,36,4.0,1000,0
909,From Seed to Spoon Vegetable & Fruit Grow Guides,288,53.0,0.0,33,4.0,50000,0
910,Vacunas,6,7.2,0.0,34,4.0,500,0
912,MiPrescripcion,7,16.0,0.0,39,4.0,100,0
913,ASISA,1861,27.0,0.0,33,4.0,100000,0
914,Pure Madrid (Alertas de Contaminaciï¿½n),422,3.2,0.0,33,4.0,10000,0
915,Citas Andalucï¿½a,46,55.0,0.0,39,4.0,10000,0
916,Dona Sangre Andalucï¿½a,200,4.0,0.0,55,4.0,10000,0
918,It Works! Live Fit,173,14.0,0.0,34,5.0,10000,0
922,WebMD Allergy,6116,30.0,0.0,35,4.0,100000,0
923,WebMD Baby,5514,20.0,0.0,35,4.0,500000,0
926,Smart Fit Colombia,785,31.0,0.0,33,4.0,100000,0
927,Sugar Sense - Diabetes App,1313,40.0,0.0,33,4.0,100000,0
928,Onpoint,1,8.9,0.0,35,5.0,10,0
929,Legacy StayWell,59,7.9,0.0,35,4.0,10000,0
930,My Cycles Period and Ovulation,26849,25.270662905500703,0.0,32,4.0,1000000,0
931,Freeletics Gym,5188,21.0,0.0,35,4.0,500000,0
932,Freeletics Nutrition,3809,4.8,0.0,33,5.0,500000,0
933,The Blood Type Dietï¿½,434,5.8,3.99,32,2.0,50000,0
935,Moon Climbing - MoonBoard,304,44.0,0.0,41,4.0,50000,0
936,NYU Langone Health,228,26.0,0.0,33,5.0,50000,0
938,Drink Water Reminder - Hydration and Water Tracker,386,2.2,0.0,33,4.0,10000,0
939,Blue Light Filter & Night Mode - Night Shift Pro,1044,2.7,1.49,34,4.0,5000,0
947,Anytime Workouts,197,20.0,0.0,33,4.0,100000,0
948,LFconnect ï¿½ Workout Tracking,5302,28.0,0.0,33,4.0,500000,0
949,Nadura,2,36.0,0.0,34,4.0,100,0
950,mySymptoms Food Diary & Symptom Tracker (Lite),1378,15.0,0.0,34,4.0,100000,0
951,Fast Tract Diet,43,2.4,7.99,40,4.0,5000,0
952,Poocount - Toilet Journal,8,5.3,1.99,33,5.0,100,0
954,Tarjeton Digital,287,8.3,0.0,34,4.0,10000,0
956,Kegel Trainer - Exercises,28718,8.3,0.0,33,4.0,500000,0
957,Kegel Exercises,2531,3.0,0.0,34,4.0,50000,0
958,Century Hospital,20,2.7,0.0,36,4.0,1000,0
959,"Fruits Benefit in Urdu, Phalon kay Faide",46,17.0,0.0,38,4.0,10000,0
960,Smart B-Trainer,521,51.0,0.0,38,4.0,50000,0
961,Tricep Workout For Men,16,7.5,0.0,40,4.0,5000,0
962,Weight Loss Workout at Home-Lose Weight in 30 Days,1,4.7,0.0,35,4.0,10,0
965,Bar Method,72,8.3,0.0,36,4.0,10000,0
966,Orangetheory Fitness Booking,1006,8.1,0.0,36,4.0,100000,0
967,F45 Training Glofox,51,11.0,0.0,34,4.0,10000,0
968,Burn Boot Camp,35,7.5,0.0,35,4.0,10000,0
969,Yes.Fit,651,31.0,0.0,33,4.0,50000,0
970,YogaWorks,33,8.0,0.0,41,4.0,10000,0
971,Pure Barre,192,7.9,0.0,35,4.0,50000,0
974,Abs Workout - lose belly fat & build ab,19783,7.2,0.0,32,4.0,1000000,0
975,Die 28 Dae Eetplan,1,11.0,0.99,45,4.0,500,0
976,TrainingPeaks,13252,31.0,0.0,33,4.0,500000,0
977,First Aid For Cyclists,167,2.0,0.0,65,2.0,10000,0
978,First Aid for all Emergency,189,6.9,0.0,37,4.0,50000,0
979,Moshi Twilight Sleep Stories: Calm Bedtime App,965,52.0,0.0,32,5.0,100000,0
980,Dog Symptom,7,2.9,0.0,42,5.0,1000,0
982,Remedios Caseros,67,11.0,0.0,32,4.0,10000,0
983,Relaxing Music for Stress - Anxiety Relief & Sleep,436,7.9,0.0,35,4.0,100000,0
984,Urban fit,209,17.0,0.0,33,4.0,10000,0
985,WellTrack - Interactive Self-Help Therapy,42,45.0,0.0,33,4.0,5000,0
986,"Omvana: Meditation, Yoga Sleep",4503,34.0,0.0,74,4.0,100000,1
987,eMoods Bipolar Mood Tracker,3825,25.270662905500703,0.0,34,4.142857142857143,100000,0
988,Sleep+ music for sweet dreams,7,8.3,1.49,33,4.0,50,0
989,"UP! - Depression, Bipolar & Borderline Management",908,14.0,0.0,35,5.0,10000,0
991,Heart Rate Monitor,28667,4.6,0.0,49,3.0,1000000,0
992,Heart Rate Monitor,23668,2.3,0.0,55,4.0,1000000,0
993,BMI Calculator,69,2.1,0.0,35,5.0,1000,0
996,healow,25633,34.0,0.0,36,4.0,1000000,0
997,UAB Medicine Wayfinder,16,60.0,0.0,38,4.0,5000,0
1001,ICanCaRe - Online Wellness & Healthcare App,10,9.7,0.0,33,5.0,100,0
1004,PCDT IST,15,5.9,0.0,41,4.0,5000,0
1006,MedSUS,20,25.0,0.0,35,4.0,1000,0
1011,Blood Donors MT,16,51.0,0.0,35,4.0,1000,0
1012,Shepeard Community Blood,3,6.6,0.0,36,4.0,100,0
1013,TBC Now,9,7.9,0.0,37,4.0,1000,0
1015,????? ??????? ????? ????????,79,4.3,0.0,47,2.0,10000,0
1016,Sound Machine: Sleep & Relax,319,37.0,0.0,45,5.0,10000,0
1020,Homemade Beauty Tips,172,4.0,0.0,43,4.0,50000,0
1022,Running Distance Tracker +,96049,25.270662905500703,0.0,34,5.0,1000000,0
1024,Back Pain Relieving Exercises at Home,66,11.0,0.0,33,4.0,10000,0
1025,Home Workout - No Equipment & Meal Planner,46871,10.0,0.0,35,4.0,5000000,0
1026,5 Minute Pilates,7003,7.4,0.0,39,4.0,100000,0
1027,5 Minute Fat Loss,3228,7.9,0.0,39,4.0,50000,0
1028,5 Minute Home Workouts: Exercises for men & women,19327,15.0,0.0,37,4.0,500000,0
1029,5 Minute Ab Workouts,2440,8.3,0.0,39,4.0,50000,0
1030,5 Minute Yoga,10107,7.3,0.0,39,4.0,100000,0
1031,My Challenge Tracker,12197,75.0,0.0,33,4.0,500000,1
1032,21 Day Fixï¿½ Tracker ï¿½ Official,460,11.0,0.0,57,2.0,100000,0
1033,Bodybuilding.com All Access,1046,21.0,0.0,32,4.0,100000,1
1034,Omnilife My Omnibusiness,1834,4.1,0.0,33,4.0,100000,0
1036,Chest Workouts for Men - Big Chest In 30 Days,542,9.3,0.0,34,4.0,100000,0
1037,Triceps Workout Exercises,48,16.0,0.0,35,4.0,10000,0
1038,Pilates Anytime Yoga Fitness Workouts at Home,24,6.5,0.0,37,4.0,5000,0
1039,Progressive Muscle Relaxation - PMR Pro - English,8,53.0,5.99,36,4.0,100,0
1040,Height Increase Workout [Smart Height],479,6.8,0.0,35,5.0,100000,0
1053,Plank Workout - 30 Days Plank Challenge Free,8587,10.0,0.0,34,4.0,500000,0
1054,Progression Body & Weight Log,132,2.5,0.0,38,4.0,10000,0
1055,Navy PFA Calc,168,1.5,0.99,33,4.0,5000,0
1056,Fitness Calc-Coast Guard,71,2.2,0.0,36,4.0,10000,0
1057,Sleepy - Sleep Cycles,3193,9.9,0.0,34,4.0,100000,0
1058,7 Days Apple Cider Vinegar Weight Loss Diet Plan,22,7.7,0.0,41,4.0,10000,0
1060,MedSUS,1097,22.0,0.0,36,4.0,50000,0
1063,e-SUS AB Territï¿½rio,249,12.0,0.0,39,4.0,10000,0
1065,Best Chest Exercises,102,16.0,0.0,35,4.0,10000,0
1066,Legs Workout Exercises,46,19.0,0.0,35,4.0,10000,0
1067,Back Workout Exercises,64,17.0,0.0,35,4.0,10000,0
1068,Biceps Workout Exercises,47,17.0,0.0,35,4.0,10000,0
1069,Open Food Facts - Scan food. Get the Nutriscore,1723,25.270662905500703,0.0,38,4.142857142857143,500000,0
1070,NS Classic Version,10,19.0,0.0,38,4.0,1000,0
1071,The Secret of Weight,15467,25.270662905500703,0.0,34,4.142857142857143,1000000,0
1072,"Weight Loss Workout for Men, Lose Weight - 30 Days",2714,7.4,0.0,33,4.0,500000,0
1073,100 Pull-Ups - Ultimate Workout,13007,6.0,0.0,33,4.0,500000,0
1074,Plank Workout - 30 Day Challenge for Weight Loss,894,8.6,0.0,37,4.0,50000,0
1075,Flexibility Training & Stretching Exercise at Home,12664,23.0,0.0,33,4.0,1000000,0
1076,KROWN FITNESS,10,43.0,0.0,33,4.0,500,0
1077,Activa Club,113,29.0,0.0,33,4.0,10000,0
1078,Metropolitan Training,13,23.0,0.0,33,4.0,5000,0
1081,Fitoterapia Chinesa e Brasileira,6,13.0,3.99,43,5.0,100,0
1082,Workout timer : Crossfit WODs & TABATA,1310,6.5,0.0,33,5.0,50000,0
1083,Kettlebell,6654,24.0,0.0,41,4.0,100000,0
1084,SmartWOD Workout Generator,176,12.0,0.0,34,4.0,10000,0
1088,Trainerize,748,83.0,0.0,34,5.0,100000,0
1089,i-gotU Life,2040,22.0,0.0,33,4.0,100000,0
1092,?????-???? ??????? ? ??????? ? ????? ???????,226,52.0,0.0,33,4.0,10000,0
1093,BMI Calculator - Weight Loss & BMR Calculator,1359,10.0,0.0,32,4.0,100000,0
1096,Alimente-se - Dieta e Nutriï¿½ï¿½o com Saï¿½de,4862,12.0,0.0,34,5.0,100000,0
1097,Boxing Round Interval Timer,17224,8.2,0.0,34,4.0,500000,0
1100,Health Tips 1000,78,3.8,0.0,38,2.0,10000,0
1101,12 Daily Workout,2,3.5,0.0,60,3.0,100,0
1102,Secret steps,1,1.5,0.0,37,4.0,10,0
1103,Select PT for Patients,1,26.0,0.0,47,4.0,100,0
1104,NovaCare for Patients,2,26.0,0.0,47,4.0,100,0
1105,Elvasense,10,14.0,0.0,34,4.0,1000,0
1106,Gmateï¿½ ON,52,9.7,0.0,33,4.0,5000,0
1107,Gmateï¿½ Healthcare,40,30.0,0.0,33,4.0,5000,0
1108,Rightest CARE,78,16.0,0.0,32,5.0,5000,0
1109,??????? ????????,44,4.7,0.0,56,2.0,5000,0
1110,Maryland Health Connection,524,44.0,0.0,34,4.0,100000,0
1112,Religare Health - Customer App,242,8.0,0.0,33,4.0,10000,0
1116,14 Day Diet Plan- lose belly fat in 2 weeks,13,10.0,0.0,38,4.0,10000,0
1118,The Loft Nail Bar,1,20.0,0.0,37,4.0,10,0
1122,Yoga for Beginners | Workouts for the mind & body!,760,20.0,0.0,34,4.0,50000,0
1123,Daily Ab Workout - Core & Abs Fitness Exercises,45221,9.9,0.0,38,4.0,10000000,0
1125,Basic-Fit Online,13974,25.0,0.0,32,4.0,500000,0
1126,Suspension Workouts by Fitify,4075,22.0,0.0,39,4.0,100000,0
1128,?????? ?i?,222,27.0,0.0,77,2.0,10000,0
1129,Dr. Greger's Daily Dozen,4668,15.0,0.0,47,4.0,100000,0
1130,Calorie Counter - Fddb Extender,19203,13.0,0.0,33,4.0,500000,0
1131,DietBet - Weight Loss Games,7546,12.0,0.0,33,4.0,100000,0
1132,Glister Smart,69,20.0,0.0,34,4.0,1000,0
1134,OM Mantra Chanting,107,4.5,0.0,35,4.0,10000,0
1135,Lympo - Walk. Run. Earn.,840,24.0,0.0,33,5.0,50000,0
1136,One North Run,13,51.0,0.0,36,5.0,50,0
1141,????? ??????? ???????,12,3.9,0.0,40,4.0,1000,0
1142,Meditation Guide,4,6.4,0.0,39,4.0,1000,0
1143,"Home Workout : No Equipment - Hips, Legs Workout",6,9.5,0.0,38,4.0,1000,0
1144,BriovaRx,17,1.1,0.0,39,5.0,10000,0
1145,myCDH,185,5.1,0.0,46,5.0,10000,0
1146,Protect yourself from the narcissist,3,29.0,0.0,40,4.0,1000,0
1147,Your Texas Benefits,22339,34.0,0.0,36,5.0,1000000,0
1152,Chakras Cleansing Pro,31,85.0,1.49,42,4.0,100,0
1153,Chakras Meditation PRO,61,96.0,2.99,42,4.0,500,0
1154,Tools & Amazfit,1657,14.0,3.49,33,4.0,10000,0
1157,Wodify,1704,1.6,0.0,61,4.0,100000,0
1159,Zwanger & Baby - Ouders van Nu,324,25.270662905500703,0.0,32,4.142857142857143,50000,0
1160,Yoga Mudras for 300+ Diseases,19,6.0,0.0,47,4.0,1000,0
1161,Yoga Poses for 300+ Diseases,134,3.6,0.0,47,4.0,100000,0
1162,JAIN REFLEXOLOGY,54,11.0,0.0,32,4.0,1000,0
1163,Finger Holding Therapy,5,3.1,0.0,47,4.0,1000,0
1164,Diabetes Nature Cure,3,6.0,0.0,47,4.0,100,0
1165,Top 5 Home Remedies for 300+ Diseases,3,7.4,0.0,47,4.0,100,0
1166,Unimed-BH,2351,29.0,0.0,32,4.0,100000,0
1168,Height Increase Exercise - Workout height increase,7786,12.0,0.0,34,4.0,500000,0
1169,Glofox,403,11.0,0.0,34,4.0,50000,0
1170,Glofox Pro,13,11.0,0.0,33,4.0,1000,0
1171,Skagen Connected,5045,24.0,0.0,34,4.0,100000,0
1177,12Climb,42,23.0,0.0,33,4.0,500,0
1178,Baycare Community Application,20,16.0,0.0,35,4.0,5000,0
1179,My+Health,130,12.0,0.0,33,4.0,5000,0
1186,Interval timer with music,3775,17.0,0.0,34,4.0,100000,0
1187,Tabata timer with music,12616,18.0,0.0,34,4.0,100000,0
1188,?????? ??? ???? ?? ????,330,4.6,0.0,34,4.0,100000,0
1189,OneTouch Reveal Plus,24,33.0,0.0,34,4.0,1000,0
1193,Lose Weight Healthily,18360,6.4,0.0,35,4.0,1000000,0
1194,?????? ????? -  Bangla blood group app,1616,4.3,0.0,34,4.0,100000,0
1195,The Power of Your Subconscious Mind -Joseph Murphy,35,4.8,0.0,39,4.0,10000,0
1196,Gym Trainer - Fitness Coach with Workout Diet Plan,1762,4.8,0.0,33,4.0,100000,0
1197,Total Fitness - Gym & Workouts,56810,11.0,0.0,35,4.0,1000000,0
1198,Workout for Women. Female fitness training at home,2182,25.270662905500703,0.0,33,5.0,50000,0
1199,Pro Gym Workout (Gym Workouts & Fitness),37508,42.0,0.0,33,4.0,1000000,0
1200,Fitness Trainer FitProSport,34805,70.0,0.0,33,4.0,1000000,0
1201,"Health Pal - Fitness, Weight loss coach, Pedometer",18185,5.3,0.0,37,4.0,1000000,0
1202,Meditation Songs to Relax,1,22.0,0.0,35,5.0,50,0
1203,Relaxing Piano Songs,9,12.0,0.0,38,4.0,500,0
1204,Meditation & Relaxation Music: Calm Sleep Sounds,27236,61.0,0.0,33,5.0,1000000,0
1205,Interval Trainer PRO,384,3.7,0.0,61,4.0,10000,0
1207,HealthNav,53,33.0,0.0,34,4.0,10000,0
1209,En Yak?n Nï¿½betï¿½i Eczane - Bursa,4,3.1,0.0,38,5.0,50,0
1210,Pedometer,542,1.7,0.0,57,2.0,50000,0
1211,TATTA??RUNNET??GPS?????????,1350,14.0,0.0,38,4.0,10000,0
1212,Disney Magic Timer by Oral-B,35398,94.0,0.0,35,4.0,1000000,0
1213,???? ????? | Ghrcha Vaidya |,8,5.4,0.0,34,4.0,100,0
1221,Step Counter - Pedometer,243,3.0,0.0,43,4.0,10000,0
1224,Female Workout - Get Fit in 8 Weeks,426,76.0,0.0,34,4.0,10000,0
1225,Lasting: Marriage Health App,337,28.0,0.0,32,4.0,100000,0
1226,Kemiluppen,285,14.0,0.0,32,4.0,50000,0
1232,MyAtriumHealth Tracker,22,39.0,0.0,38,5.0,1000,0
1233,Golden MM Health-?????????????????,42,15.0,0.0,36,4.0,10000,0
1234,Vora - Fasting Tracker,2362,11.0,0.0,33,4.0,100000,0
1235,iFasting Pro - Simple Intermittent Fasting Tracker,63,9.5,6.0,34,4.0,500,0
1236,iHabit - Easy to Use Habit Reminder and Tracker,7,11.0,0.0,34,4.0,100,0
1237,Ochre Health,7,10.0,0.0,67,4.0,500,0
1238,Jupiter Health,10,10.0,0.0,78,4.0,1000,0
1240,Activity action tracker,175,8.5,0.0,45,4.0,50000,0
1241,Vivitar Get Fit,196,7.0,0.0,32,4.0,10000,0
1242,Pedometer Plus - Step Counter & Walking Tracker,803,3.7,0.0,39,4.0,50000,0
1245,WeightWar - Weight Loss,20548,6.6,0.0,33,4.0,1000000,0
1246,??,2,19.0,0.0,35,4.0,50,0
1247,Fitness Trainer FitProSport FULL,6553,69.0,0.99,33,4.0,50000,0
1248,eFitnessApp,67,4.6,0.0,33,4.0,10000,0
1250,pregnancy calendar,25,8.2,0.0,41,4.0,10000,0
1251,Squats,6,4.3,0.0,56,5.0,1000,0
1253,HandCare Free Cuida tus manos,3,16.0,0.0,73,2.0,500,0
1255,Lower Blood Pressure,4,165.0,0.0,90,2.0,1000,0
1256,Rally Healthï¿½,40029,30.0,0.0,33,5.0,100000,0
1257,Fit Notifications (for Fitbit),1886,3.9,0.0,39,4.0,100000,0
1261,Activ Health,1419,20.0,0.0,33,5.0,50000,0
1262,Plantas y Frutas Medicinales Gratis,152,11.0,0.0,34,4.0,50000,2
1263,Mejor con Salud - Bienestar y nutriciï¿½n,492,2.4,0.0,35,4.0,50000,2
1264,Women Workout: Home Gym & Cardio,37349,78.0,0.0,40,2.0,1000000,0
1267,Tecnofit,140,22.0,0.0,33,4.0,50000,0
1268,mywellness,4757,25.270662905500703,0.0,33,4.142857142857143,1000000,0
1275,Bodybuilding Exercise - 3D Animation,13,53.0,0.0,39,4.0,500,0
1276,Weight Loss Exercise For Women,4,37.0,0.0,37,4.0,100,0
1277,Screen Light Table Lamp,951,3.5,0.0,34,4.0,100000,0
1278,"Night Light Pro: Blue Light Filter, Night Mode",341,2.8,0.99,35,4.0,50000,0
1279,Achievement - Rewards for Health,8136,8.0,0.0,33,6.0,100000,0
1280,The Screen SG ??,423,29.0,0.0,35,4.0,100000,0
1283,United Concordia Dental Mobile,248,12.0,0.0,36,4.0,50000,0
1284,IDA,106,16.0,0.0,37,4.0,5000,0
1285,Teeth4Life,2,11.0,0.0,33,4.0,100,0
1288,???? ??????? ??????,1538,11.0,0.0,40,4.0,100000,0
1291,?? ???? ???,7897,10.0,0.0,42,4.0,500000,0
1292,Workout for Women | Weight Loss Fitness App by 7M,6336,35.0,0.0,38,4.0,100000,0
1293,Lift Logger,21,4.7,0.0,38,5.0,5000,0
1294,NYRR App,81,22.0,0.0,33,4.0,10000,0
1295,Daily Mudras (Yoga) - for health,6131,27.0,0.0,37,4.0,100000,0
